sentence,log,label
出現回数が2回以上の語彙を用いた.,共起ネットワーク(語の最小出現数=2),1
出現回数が2回以上の語彙を用いた.,共起ネットワーク(語の最小出現数=2),1
KHCoderの共起ネットワーク機能を用い、最小出現数を3回および上位60語に設定し、結果図は最小スパニング・ツリーを強調表示している。,"共起ネットワーク(語の最小出現数=3, 上位=60,最小スパニングツリーだけを描画=on)",1
上記461件の記事内容について、出現頻度の多い単語を元に「共起ネットワーク」を表したものが図1である。,共起ネットワーク(),1
「学童はどんな場所だった?」という質問に対する回答を分析した共起ネットワークをFig.1に示す。,共起ネットワーク(),1
次に男子のみの回答を分析した共起ネットワークをFig.2に示す。,共起ネットワーク(),1
"描画する共起関係(edge)はJaccard係数を使用し,上位60語とした.","共起ネットワーク(上位=60,描画する共起関係の選択=Jaccard係数)",1
"共起ネットワークの対象となる単語の最小出現数は10とし,描画する共起関係を強いものに絞り込むためにJaccard係数を用いた.","共起ネットワーク(語の最小出現数=10,描画する共起関係の選択=Jaccard係数)",1
「研究テーマ」を共起ネットワーク分析(最少出現数:1)の結果を図1に示す。,共起ネットワーク(語の最小出現数=1),1
「研究テーマ」を共起ネットワーク分析(最少出現数:1)した結果を図2に示す。,共起ネットワーク(語の最小出現数=1),1
前期同様に、「研究テーマ」を共起ネットワーク分析(最少出現数:1)した結果を図3に示す。,共起ネットワーク(語の最小出現数=1),1
"次に,図1,2は共起ネットワーク図を示す",共起ネットワーク(),1
図13はQ1:センサーの結果をグラフ描画したことから分かったことの共起ネットワーク:サブグラフ検出の分析結果である。,共起ネットワーク(共起関係の検出方法=サブグラフ検出),1
"KHCoderから,語彙頻度と語の出現パターンの組み合わせにより,共起ネットワーク図を作成し,共起語のつながりを可視化した。共起ネットワーク分析においては,共起関係の強さを測る手法としてJaccard係数,コサイン係数,ユークリッド距離が存在する。この中で,本研究ではJaccard係数を採用した。計量テキスト分析においては,Jaccard係数が用いられることが多く,KHCoderでも標準の手法となっている。共起ネットワークの解釈可能性を考慮し,描画する共起関係(edge)の強さを示すJaccard係数は,0.2以上とした。","共起ネットワーク(描画する共起関係の選択=Jaccard, 係数=0.2)",1
本研究では、「困る」をキーワードに出現回数4以上の頻出語を用いて関連語共起ネットワーク分析を行った。,共起ネットワーク(語の最小出現数=4),1
"3.1.1での[紹介目的,傷病名,症状経過及び検査結果]のセットパターンに対して,全ての項目が内容充足しているものと,それ以外の2群に大別し,それぞれに対する記載内容の共起ネットワークを構成した.その際,単語の取捨選択として,抽出する品詞を名詞(固有名詞,人名,地名など)とし,最小出現数を20に設定し,単語の結び付きによるグループ分けをサブグラフ検出した.さらに,描画する共起関係の絞り込みにおいて,Jaccard係数を0.2以上に設定した.","共起ネットワーク(語の最小出現数=20, 品詞による語の取捨選択=名詞, 描画する共起関係の選択=Jaccard, 係数=0.2, 共起関係の検出方法=サブグラフ検出)",1
最大文書数を11とし、最小文書数を1、集計単位を文として共起ネットワーク(図1)を作成することで、A、B、Cの頻出語がどのように結びついているかを読み取った。,"共起ネットワーク(集計単位=文, 最小文書数=1, 最大文書数=11)",1
最小文書数を6とし、集計単位を文として共起ネットワークを出力した(図3)。,"共起ネットワーク(集計単位=文, 最小文書数=6)",1
最小文書数を6とし、集計単位を文として共起ネットワークを検出した(図4)。,"共起ネットワーク(集計単位=文, 最小文書数=6)",1
最小文書数を6とし、集計単位を文として共起ネットワークを検出した(図4)。,"共起ネットワーク(集計単位=文, 最小文書数=6)",1
共起ネットワーク作成にあたっては、分析用ソフトウェアKHCoder[注7]を用い、発話データから「思う」「そうですね」などの分析に不要な言い回しのデータを除外して分析を行った。,共起ネットワーク(),1
"男女別での特徴的な語句の関連性を明らかにするため,共起ネットワーク分析を行った(図1)。分析にあたっては,出現数による語の取捨選択を行った。最小出現数を10に設定し,描画する共起関係の選択では描画数を上位60語に設定した。","共起ネットワーク(最小出現数=10, 上位=60)",1
"表3を元に,「共起ネットワーク」のコマンドを用いて表したものが図3である。共起ネットワークの対象とした単語は出現数が5以上のものと設定している。",共起ネットワーク(語の最小出現数=5),1
これらを共起ネットワークに可視化した結果を図1に示す。,共起ネットワーク(),1
これらを共起ネットワークに可視化した結果を図2に示す。,共起ネットワーク(),1
"そして,それらの用語がKHcoderの分析においては,(55回以上)の用語の出現頻度に絞った.分析レベルは,Jaccard係数0.5以上である.各単語のつながりを共起ネットワークで可視化した.(図1挿入)","共起ネットワーク(語の最小出現数=55, 描画する共起関係の選択=Jaccard係数, 係数=0.5)",1
"校長及びミドルリーダー教員それぞれにおけるコード間の共起性を「共起ネットワーク」を用いて示す(校長:図1,ミドルリーダー教員:図2)。",共起ネットワーク(),1
校長及びミドルリーダー教員それぞれにおけるコード間の共起性を「共起ネットワーク」を用いて示す。,共起ネットワーク(),1
次に、テキストファイルの各行に1件ずつ入力された記述を読み込み、テキストから自動的に語を取り出し、頻出語を確認した上で、それらの語の共起関係を探索した。その結果、図2のような共起ネットワークモデルが算出された。また、語(Node)の色分けは、「媒介中心性」によるものであり、色の濃いものが中心性の高さと関連している。なお、分析時において、出現数による後の取捨選択に関しては、最小出現数20に設定した。図2は、強い共起関係ほど太い線で、出現数の多い語ほど大きい円で描画されている。,"共起ネットワーク(語の最小出現数=20, 強い共起関係ほど濃い線に=on, バブルプロット=on)",1
どのような語と語の結びつきが強いかについて、図1のように共起ネットワーク図に示した。共起ネットワーク図では、出現頻度が多い語ほど大きい円で、強い共起関係ほど太い線で描画される。線の数値は、類似性測度を示すJaccard係数であり、0から1までの値をとり、1に近づくほど関連が強いことを示す。,"共起ネットワーク(描画する共起関係の選択=Jaccard係数, 強い共起関係ほど濃い線に=on, バブルプロット=on)",1
"図1は体育会学生,図2は体育会以外の学生の自由記述内容から抽出された言葉を共起ネットワーク図で描画したものである.共起の程度を示すJaccard係数は0.2以上を選択した.","共起ネットワーク(描画する共起関係の選択=Jaccard係数, 係数=0.2)",1
さらに、共起語ネットワーク分析を行い、同時に出現しやすい単語同士をネットワークでつなぎ、グループ化した。,共起ネットワーク(),1
最初に全体の共起ネットワーク(図1)を示す.,共起ネットワーク(),1
"品詞を限定せず共起関係を測定し,2010年度と2017年度の共起ネットワーク図を作成した.共起ネットワーク図の作成条件を最小出現数2,描画数60とした.","共起ネットワーク(語の最小出現数=2, 上位=60)",1
4つの視点による全コメントをKHCoderにより多変量解析を行い、3回以上データに出現していた頻出語から共起ネットワークを作成したものが図7である。,共起ネットワーク(語の最小出現数=3),1
"この図5は,2回以上出現した単語の相関を示した共起ネットワークである。今回は,単語同士の相関を見やすくするため相関が強いものをKHCoderが整理しまとめた最小スパニング・ツリーだけを描画した。","共起ネットワーク(語の最小出現数=2, 最小スパニングツリーだけを描画=on)",1
"抽出語間の関連性を探索するために,表3に示した抽出語間の関連を分析するために,共起ネットワーク分析を行なった。図2に得られた共起ネットワーク図を示す。",共起ネットワーク(),1
"就学前施設における保育者が自然災害発生に対して抱く不安の全体傾向を把握するために、「共起ネットワーク」による分析を行なった.図1は最小出現数10語以上,描画する共起関係の数を上位60以上に設定して描いた共起ネットワーク図である.","共起ネットワーク(語の最小出現数=10, 上位=60)",1
"ここでは,感想文集に掲載されている実習生による体験記述,3年生18名(男子10名・女子8名)をもとに,KHCoderを用いたテキストマイニングソフトによる内容分析を行った。抽出語から言葉同士の関係を探るために,共起ネットワーク9)を使用した。",共起ネットワーク(),1
"「ねらい」「成果」「課題」の各文書で抽出した語,抽出語の特徴的なつながりを示すため,共起ネットワークを作成した。間の関連性,共起関係の強弱を測る尺度してJaccard係数を適用した。単語抽出語間の線の分布が複雑になりすぎないよう,使用する語数を出現回数によって調整した。Table3の上位50語にほぼ相当するよう,「ねらい」は最小出現数7以上,「成果」は9以上,「課題」は7以上の抽出語を用いた。","共起ネットワーク(語の最小出現数=7, 描画する共起関係の選択=Jaccard係数)",1
"共起ネットワークを作図したところ,「患者」「感じる」「医療」など一般的な語句が出現し特徴が読み取れなかった(Figure1).",共起ネットワーク(),1
"設問2,3,4において,個人活動への言及と考えられる記述,グループ活動への言及と考えられる記述をそれぞれ抽出し,言及における特徴を検討する.総抽出語数は2288,異なり語数は329であった.記述に対し,個人への言及を1,グループへの言及を0としてダミー変数を導入し,外部変数として利用した.語の最小出現数は3として共起ネットワークを作成した.結果を図4に示す.","共起ネットワーク(語の最小出現数=3, 外部変数=個人への言及を１，グループへの言及を０)",1
"共起ネットワークでは,最小出現数を15,描画する共起関係を上位50に設定し,共起関係の係数を表示した結果,6つのカテゴリが認められた(図2)。","共起ネットワーク(語の最小出現数=15, 上位=50)",1
"また,頻出語の結びつきを明らかにするために行った共起ネットワーク分析の結果を図11に示す.",共起ネットワーク(),1
"続いて,共起ネットワークによって回答の傾向を見ておく。この結果、図1の図が得られた。",共起ネットワーク(),1
"続いて,これらの語のつながりを共起ネットワークの図により確認しておこう(図2)。",共起ネットワーク(),1
"引き続いて,共起ネットワークで言葉同士の繋がりを確認してみると,図3の通りになる。",共起ネットワーク(),1
"ここまでの分析結果から,キーワード1,キーワード2を用いて共起ネットを描くことで,4名の保育者に共通する語,「子ども(340回)」「人(139回)」「遊び(91回)」「自分(64回)」の関係性が見えてきた(Fig.1)。",共起ネットワーク(),1
"共起ネットワークはJaccard係数で単語間の類似性が算出されるが,今回の分析では,Jaccard係数の最小値は指定せず,単語出現頻度の上位60語についての共起ネットワーク図を作図した(図4)。",共起ネットワーク(上位=60),1
"上記のコーディング規則に従い,「サブグラフ検出(modularity)」を用いて共起ネットワーク図を作成した。なお,同図中にはJaccard係数が0.1以上であった共起関係のみを描画した。","共起ネットワーク(描画する共起関係の選択=Jaccard係数, 係数=0.1, 共起関係の検出方法=サブグラフ検出（modularity）)",1
以上の処理を終えたデータから、受講学生の感想の中で強い結びつきのある語を調べるために、共起ネットワークを作成した。作成条件は、最小出現頻度30語、Jaccard係数の閾値を0.14、最小スパニング・ツリーだけを表示とした。,"共起ネットワーク(語の最小出現数=30, 描画する共起関係の選択=Jaccard係数, 係数=0.14, 最小スパニングツリーだけを描画=on)",1
"犯罪ごとにおける類似性の評価については,最小出現数を10,Jaccard係数0.2以上,強い共起関係ほど濃い線となるように共起ネットワークによる分析をおこなった。","共起ネットワーク(語の最小出現数=10, 描画する共起関係の選択=Jaccard係数, 係数=0.2, 強い共起関係ほど濃い線に=on)",1
図10は共起ネットワークでそれぞれの語の関係性を示している。,共起ネットワーク(),1
樋口(2014)のKHコーダーによる計量テキスト分析を行い、サブグラフ(媒介)検出による共起ネットワークを描いた。,共起ネットワーク(共起関係の検出方法=サブグラフ（媒 介）検出),1
"得られた自由記述文から,共起ネットワーク図を作成し,サブグラフ検出を行なった結果,図4に示す8つのグループを導出することができた.このとき,語の最小出現数を11,描画する共起関係は描画数を60とした.","共起ネットワーク(語の最小出現数=11, 上位=60, 共起関係の検出方法=サブグラフ検出)",1
親子コミュニケーションの変化に関する共起ネットワークの結果は図3に示すとおりである。,共起ネットワーク(),1
"この実践における感想は,KHコーダーを活用し,分析した抽出語の共起ネットワークを図4の通りに示した。",共起ネットワーク(),1
"次に,カテゴリー間の関係構造を把握するために,カテゴリー間でキーワードが共起して出現した段落数を集計し,ネットワークの形で表す共起ネットワークグラフを図2に示す。図2の凡例のCoefcientが示す共起ネットワークグラフのカテゴリー間の関係性を示す紐帯には,キーワード間の共起関係を重視する指標であるJaccard係数を用いた。また,表示する紐帯は係数の高い上位20位までで,その太さは係数の高さを表し,係数が低くなるにつれて細くなるように設定した。","共起ネットワーク(上位=20, 描画する共起関係の選択=Jaccard, 強い共起関係ほど濃い線に=on)",1
"続いて,図1のような抽出語の共起ネットワーク図を作成した(ただし,図中の点線と番号は筆者が付け加えた)。",共起ネットワーク(),1
"次に内容・考察パートに記載された特徴語の客観的把握を目的に5名全員の報告書に関する共起ネットワーク(上位50語)(Figure2)を導出し,keywordincontext(KWIC)も参照しながら後述の6クラスターを抽出,命名した。",共起ネットワーク(上位=50),1
"調査対象の教員らが,p4cに対して最初に抱いた印象についてのインタビューデータを基に,関連が強い語の共起ネットワークを作成した(Figure₁)。",共起ネットワーク(),1
次に、頻出語の最小出現数を3回に設定し、描画する共起関係の絞り込みにおいては、描画数を60に設定して、関連が特に強い語同士を線で結んだ共起ネットワーク注2)を作成した。,"共起ネットワーク(語の最小出現数=3, 上位=60)",1
"自由記述調査については,共起ネットワーク図を作成することで,文中で用いる語と語のつながりを明らかにし,児童のプログラミングに関する意識の分析を行った.共起ネットワークを作成するにあたり,共起しやすい語同士をグループとして見なす,サブグラフ機能を用いることで,それぞれの学級の語の使われ方の特徴を分析しやすく配慮した.",共起ネットワーク(共起関係の検出方法=サブグラフ),1
続いて、用いられ方が類似する語同士をネットワーク図で描く共起ネットワークを用いて分析を行ってみたい。結果は以下の通りである。,共起ネットワーク(),1
"分析対象は,抽出語リストの中から出現頻度上位60語とした.定食型,弁当型の自由記述は,語と語の出現パターンが互いに似ている語の関係性をとらえる手法である,共起ネットワークを用いて分析した.共起ネットワークでは,比較的強くお互いに結びついている部分である中心性を検出し,色合いで表現した(Subgraph検出).各語の出現頻度は,円の大きさで示した(Frequency).語と語の関連性の強さは,下記に示すJaccard係数を算出して,語と語をつなぐ直線上に記した.","共起ネットワーク(上位=60, 描画する共起関係の選択=Jaccard, 共起関係の検出方法=Subgraph 検出, バブルプロット=on, 共起関係の種類=語-語)",1
開発目標とターゲットのすべての語句のうち、使用データのうち出現数3回以上、かつ語句間の「Jaccardの類似性測度0.2≧強い関連がある」(図表3注)の条件で共起ネットワーク図を生成した(図表6)。,"共起ネットワーク(語の最小出現数=3, 描画する共起関係の選択=Jaccard, 係数=0.2)",1
以上の手順を経た後、KHCoderの機能を用いて文中で共起しやすい語によるネットワーク図xixを描画したものが以下の図である。描画時の設定は最小出現数8、Jaccard係数0.3以上、フォントサイズ130%(太字)で、使用した品詞はそれぞれ、普通名詞、依存名詞、代名詞、動詞、形容詞、存在詞、指定詞、副詞、指示詞、補助用言、先語末語尾、連結語尾、動詞派生、形容詞派生、語根、任意指定語である。,"共起ネットワーク(語の最小出現数=8, 描画する共起関係の選択=Jaccard係数, 係数=0.3, 品詞による語の取捨選択=普通名詞、依存名詞・代名詞・動詞・形容詞・存在詞・指定詞・副詞・指示詞・補助用言・先語末語尾・連結語尾・動詞派生・形容詞派生・語根・任意指定語)",1
"図1は,ロボットの教育活用に対する期待に関する共起ネットワーク分析の結果を示したものである。KHCoderの設定は,次の通りである。集計単位は段落,最小出現数は20,Jaccard係数は0.18以上,共起関係の検出方法はサブグラフ検出(媒介)を用いた。その結果,対象語数は8073であった。実線で結ばれた語は5グループであった。","共起ネットワーク(集計単位=段落, 語の最小出現数=20, 描画する共起関係の選択=Jaccard, 係数=0.18, 共起関係の検出方法=サブグラフ検出（媒介）)",1
"KHcoderにより,テキスト・データを読み込み,形態素に分解し,出現頻度5以上の93語を抽出した.これらの抽出後を対象に多次元尺度構成法を適用した結果をFigure1に,共起ネットワーク分析の結果をFigure2にそれぞれ示した.",共起ネットワーク(語の最小出現数=5),1
また、記載内容の関連を視覚的に捉えやすいよう、Jaccard係数0.3の共起ネットワークを作成し分析を行った。,"共起ネットワーク(描画する共起関係の選択=Jaccard係数, 係数=0.3)",1
群ごとに想起項目をまとめて疑似文章化し、共起ネットワークを用いて比較した。,共起ネットワーク(),1
"回答はテキスト形式化し,KHCoderにてテキストマイニングを行った.共起ネットワークを行い構造化,分類化を行った.",共起ネットワーク(),1
"KHCoderの「共起ネットワーク」を用い,献立の振り返り指導における出現パターンの似通った語(共起の程度が強い語)を線で結んだ図を図6に示す。分析にあたり,出現数による語の取捨選択に関しては最小出現数を3に設定し,線描する共起関係の絞り込みにおいては,描画数を60の設定である。","共起ネットワーク(語の最小出現数=3, 上位=60)",1
"事前,事後の文中から抽出した語の共起性を共起ネットワークから検討した。語の出現数が多いほど円のサイズが大きく描かれている。ここでは,係数を標準化し,頻出語について上位60までとし,かつ最小出現数3以上の語を抽出し共起ネットワークを作成した。なお,図中の数値は,語と語の共起の程度を示したJaccard係数である(図3・図4)。","共起ネットワーク(語の最小出現数=3, 上位=60, 描画する共起関係の選択=Jaccard係数, 係数を標準化する=on, バブルプロット=on)",1
"回答の自由記述については,品詞を限定せず共起関係を測定し,共起ネットワーク図の作成条件を最小出現数10,描画数60とした.","共起ネットワーク(語の最小出現数=10, 上位=60)",1
8人全員の振り返りの内容をKHCoderを用いて作成した抽出語の共起ネットワーク図を図3に示す。,共起ネットワーク(),1
"次に,衣服の系統変化に関する自由記述(Q13)から,KHCoder[17]を用いて共起ネットワークを生成して分析を行った.図5は「(衣服の系統を)これまで変えたいと思ったことはあるが,変えることが出来なかった」と回答した人の共起ネットワーク図である.ここでは出現数が5回以上の単語であり,かつJaccard≧0.15という条件で分析を行っている.","共起ネットワーク(語の最小出現数=5, 描画する共起関係の選択=Jaccard係数, 係数=0.15)",1
"Figure3はCOVID-19×災害時避難に関するWeb記事データをもとに,Jaccard係数を用いて計測した共起ネットワーク図である。また,共起ネットワーク関係を示すために,“modularity""に基づく比較的強く互いに結びついている部分(サブグラフ)を検出する手法により描画した。","共起ネットワーク(描画する共起関係の選択=Jaccard係数, 共起関係の検出方法=“modularity”に基づく比較的強く互いに結びついている部分（サブグラフ）を検出する手法)",1
"Figure5は5つのフェーズを外部変数として設定し,語の共起関係が解釈しやすくなるよう,最小スパニング・ツリー(minimumspanningtree)のみを表示した共起ネットワーク図である。","共起ネットワーク(最小スパニングツリーだけを描画=on, 外部変数=5つのフェーズ)",1
抽出された語の中で、関連が特に強い語同士を表す共起ネットワークを作成する。最小出現語数2に設定、Jaccard係数を0.2とした。,"共起ネットワーク(語の最小出現数=2, 描画する共起関係の選択=Jaccard係数, 係数=0.2)",1
"どのような文書においても出現するパターンが似通っていた語,すなわち,どのような語が同じ文書内に共に出現することが多かったか,を示したのが,図2の共起ネットワーク分析である。",共起ネットワーク(),1
【資料8】は、「KHCoder」を用いて抽出された語句とその共起ネットワークを示している。,共起ネットワーク(),1
次に、共起ネットワーク分析機能を用いて出現した後が、どのような語と共に出現しているのかという関係性を可視化した(Figure1)。,共起ネットワーク(),1
さらに、記載された自由記述を、KHコーダー(樋口2014)を用いて分析し、結果を共起ネットワークとして示したのが図5である。,共起ネットワーク(),1
次に自由記述をテキストデータとして、樋口(2014)によるKHコーダーを用いて共起ネットワークを作成した結果が、図5である。,共起ネットワーク(),1
さらに、自由記述を小・中学校など校種ごとではなく、KHコーダー(樋口2014)を用いて一括して分析し、共起ネットワークで示した結果が図2である。,共起ネットワーク(),1
さらに、自由記述について各校種を一括して分析し、共起ネットワークで示したのが図4である。,共起ネットワーク(),1
①頻出語間の結びつきである共起関係の確認、②共起関係を結んだ各頻出語の出現回数の確認、③共起関係した頻出語のグループ分けを確認するために共起ネットワーク(サブグラフ)分析によって①③を描画した。分析対象語が適切な数になるように最小出現回数を7回、最大出現回数を73回に設定し67語を分析対象とした。Jaccard係数が大きい順に上位50の共起関係を描画した(図1)。,"共起ネットワーク(語の最小出現数=7, 語の最大出現数=73, 描画する共起関係の選択=Jaccard係数, 上位=50, 共起関係の検出方法=サブグラフ)",1
KHCoderを利用して中学校時代の学習方法を共起ネットワークを作成して考察した(図₅)。今回はJaccard係数上位60でサブグラフ検出をmodularityとした(実際にはJaccard係数上位60はJaccard係数の値が0.6以上のものだった)。,"共起ネットワーク(描画する共起関係の選択=Jaccard係数, 係数=0.6, 上位=60, 共起関係の検出方法=サブグラフ検出を modularity)",1
次に、共起ネットワーク分析では上位40の共起関係について、その特徴を捉えた(図2)。なお、線上に示された数値はJaccard係数であり、共起関係の強さを示している。,"共起ネットワーク(描画する共起関係の選択=Jaccard係数, 上位=40)",1
KHCoderの共起ネットワーク分析を用いる事によって、抽出語の関係性を描画できる。関連語(Jaccard係数上位70語)の共起ネットワークを描画し、つながりの強い語同士のJaccard係数を算出し、その上位70までをネットワーク図に表示した。加えて、互いに強く結びついている語のまとまりをサブグラフ検出(モジュラリティ:modularityによる方法)機能を用いて、サブグラフを描画した。,"共起ネットワーク(描画する共起関係の選択=Jaccard係数, 上位=70, 共起関係の検出方法=サブグラフ検出(モジュラリティ:modularityによる方法))",1
KHCoderの共起ネットワーク分析を用いることによって、抽出語の関係性を描写できる。関連語(Jaccard係数上位70語)の共起ネットワークを描写しつながりの強い語同士のJaccard係数を算出し、その上位70までをネットワーク図に表示した。なお、互いに強く結びついている語のまとまりをサブグラフ検出(モジュラリティによる方法)機能を用い、サブグラフを描画した。学生が本授業で何を学んだかを知るために、授業課題別の特徴的な抽出語を共起ネットワークで作成し、その傾向をみた。,"共起ネットワーク(描画する共起関係の選択=Jaccard係数, 上位=70, 共起関係の検出方法=サブグラフ検出(モジュラリティ:modularityによる方法))",1
"本アンケートの各自由記述項目で得られた回答から,KHCoderでJaccard係数を用いた共起ネットワーク図を作成し,頻出単語同士の関係性を可視化したものを図4に示す.なお,利用する単語は出現数10回以上であり,Jaccard係数が0.15以上のまとまりを示している.","共起ネットワーク(語の最小出現数=10, 描画する共起関係の選択=Jaccard係数, 係数=0.15)",1
"本アンケートの各自由記述項目で得られた回答から,KHCoderでJaccard係数を用いた共起ネットワーク図を作成し,頻出単語同士の関係性を可視化したものを図5に示す.なお,利用する単語は出現数5回以上であり,Jaccard係数が0.15以上のまとまりを示している.","共起ネットワーク(語の最小出現数=5, 描画する共起関係の選択=Jaccard係数, 係数=0.15)",1
"本アンケートの各自由記述項目で得られた回答から,KHCoderでJaccard係数を用いた共起ネットワーク図を作成し,頻出単語同士の関係性を可視化したものを図6に示す.なお,利用する単語は出現数5回以上であり,Jaccard係数が0.15以上のまとまりを示している.","共起ネットワーク(語の最小出現数=5, 描画する共起関係の選択=Jaccard係数, 係数=0.15)",1
"アンケート内の自由記述欄では回答全体の60件中20件で記述回答を得たため,その記述情報について,KHCoderを用いてテキストマイニングにより分析した.その結果が,共起ネットワーク図として図4で示されている.",共起ネットワーク(),1
"感想文から得られた抽出語数は,109であった。このうち,抽出語数の上位約3分の1を占める,出現回数3回以上の32語を用いて共起ネットワークを作成した。共起ネットワークの作成条件は,Jaccard係数の閾値を0.2,最小スパニング・ツリーだけを表示,サブグラフ検出・Randomwalksとした。","共起ネットワーク(語の最小出現数=3, 描画する共起関係の選択=Jaccard係数, 係数=0.2, 最小スパニングツリーだけを描画=on, 共起関係の検出方法=サブグラフ検出・Random walks)",1
"これらを代表とする抽出語同士の結びつき,すなわち語の出現パターンの似通った語(共起の程度が強い語)を探るために,集計単位を文,語の最小出現率を2,描画数を60に設定した共起ネットワークを作成した(図1)。","共起ネットワーク(集計単位=文, 語の最小出現数=2, 上位=60)",1
次に、どの語とどの語とがデータの中で結びついていたのか確認するために共起ネットワークを作成した(図3)。,共起ネットワーク(),1
図1から図4まではそれぞれのサ変名詞のつながりを可視化した共起ネットワーク図である。最小出現数を5回以上、描画する共起関係を描画数60以上とした。,"共起ネットワーク(語の最小出現数=5, 上位=60, 品詞による語の取捨選択=サ変名詞)",1
アンケート調査に対しては共起ネットワーク分析を行った,共起ネットワーク(),1
【学習前】の「「生徒指導」という言葉を使って、文を3つ作ってみましょう」という問いに対して学生が記述した文の中に出現する単語をネットワーク図にした(図3)。,共起ネットワーク(),1
第9回講義を受けて、学生が受け止めた自立活動のイメージに関する共起ネットワーク図を図4に示した。,共起ネットワーク(),1
図ー6はKHcoderによる語の共起関係を視覚的に表現するため、共起ネットワーク図を作成したものである。図は、共起ネットワーク図を視覚的に判読できるように、Jaccard係数が0.15以上を表示したものである。,"共起ネットワーク(描画する共起関係の選択=Jaccard係数, 係数=0.15)",1
"また,教員の地域連携に対する期待や不安の自由記述を,KHCoderでテキストマイニング分析をし,以下のような共起ネットワークを作成した(次項図9,10)。",共起ネットワーク(),1
この時の2019年と2020年の自由記述の内容をKHcoderで分析し、共起ネットワークの結果をFigure2とFigure3に示した。,共起ネットワーク(),1
図5は、共起ネットワークにより語どうしの関係性を示したものであり、円の大きさは頻度を示す。,共起ネットワーク(バブルプロット=on),1
"「失敗経験」の内容についてKHcoder(樋口,2014)の共起ネットワーク分析を行なった。解釈可能性の観点から分析設定は、ひらがなのみの名詞・動詞・形容詞・副詞・否定助動詞・形容詞(非自立)は削除、出現数は10以上の語を分析対象とし、Jaccard係数が上位50の共起関係を描画した。","共起ネットワーク(語の最小出現数=10, 描画する共起関係の選択=Jaccard係数, 上位=50, 品詞による語の取捨選択=ひらがなのみの名詞・動詞・形容詞・副詞・否定助動詞・形容詞(非自立)は削除)",1
1-6の共起ネットワーク図は図1の通りである。,共起ネットワーク(),1
"データの頻出語を用いて共起ネットワーク分析を実施し,共起ネットワーク図を作成した。",共起ネットワーク(),1
"KHCoder3を用いて論題を対象として頻出語を抽出し,そこから各語の共起関係を探った。頻出語については,対象とする論題が94編で少ないため出現回数は2回までとした。表示上で見やすくするため「共起関係(edge)の選択は係数0.2以上とし,強い共起関係ほど濃い線になる設定にした。","共起ネットワーク(語の最大出現数=2, 係数=0.2, 強い共起関係ほど濃い線に=on)",1
達成されたカリキュラムを分析するため、学生2名に「自分がインターンシップ研究を通して何を学んだか」半構造化インタビューを行い、KHCorderを利用して共起ネットワークを作成し、質的分析を行った。距離(共起関係edge)はJaccard係数を指標として計測をした。結果は図1の通りである。共起関係edgeの強弱はedgeの濃淡とでJaccard係数で示している。,"共起ネットワーク(描画する共起関係の選択=Jaccard係数, 強い共起関係ほど濃い線に=on)",1
本研究での解析結果としての共起ネットワークでは、出現数の多い語ほど大きいノード(頂点)で描画されること、共起関係が強いほど太いエッジ(線)で描画されること、ブルーから濃いピンクになるほど媒介中心性の高いノードであることを表す。図1はキーワードから析出された共起ネットワークである。,"共起ネットワーク(強い共起関係ほど濃い線に=on, バブルプロット=on)",1
保護者の記述内容を、KHcoderの共起ネットワーク【サブグラフ検出(中心性媒介)】を用いて分析した。,共起ネットワーク(共起関係の検出方法=サブグラフ検出(中心性媒介)),1
"各活動の自由記述から抽出された単語が,どのような関係で結ばれているかを明らかにするために,KHCoder(樋口,2020)を用いて共起ネットワーク図を作成した。各活動の共起ネットワーク図については,図1から図3の示す通りである。また,図中の太線は共起関係の強さを示し,円の大きさは出現頻度を示している。各活動の共起ネットワーク図については,図1から図3の示す通りである。","共起ネットワーク(強い共起関係ほど濃い線に=on, バブルプロット=on)",1
次に、語彙頻度だけでなく、語彙の出現パターンの似通った語彙の組み合わせにどのようなものがあったのかを探索するために、共起ネットワーク図(上位70)を作成し、テゴリーを生成した。,共起ネットワーク(上位= 70),1
高齢者福祉施設におけるケアプランの長期目標に関する共起ネットワークを図2に示した。,共起ネットワーク(),1
なお、円の大きさは出現回数が多さを意味する。また、語と語が線で結ばれているかどうかが関連の有無を表し、線の太さが関連の強さを表す。まずは図1に計画段階の共起ネットワークを示した。,"共起ネットワーク(強い共起関係ほど濃い線に=on, バブルプロット=on, 共起関係の種類=語-語)",1
"研修会終了後に,受講者計253名を対象として選択式および自由記述式の項目からなるアンケート調査を実施し,回答の得られた213名(解析率84.2%)のアンケートの自由記述で用いられた語句が,どのような関係で使用されているのかを視覚的に捉えるために,KHCoderを用いて共起ネットワーク分析を行った.自由記述は,化学構造式研修会の内容で「理解できたこと」および「理解できなかったこと」に関してそれぞれ回答させた7).茶筌を用いた形態素解析により得られた抽出語(表2)についてそれぞれ共起ネットワーク分析を行い,出現回数の多い抽出語ほど大きい円で描画するバブルプロットで描画した(図2)",共起ネットワーク(バブルプロット=on),1
"研修会終了後に,受講者計253名を対象として選択式および自由記述式の項目からなるアンケート調査を実施し,回答の得られた213名(解析率84.2%)のアンケートの自由記述で用いられた語句が,どのような関係で使用されているのかを視覚的に捉えるために,KHCoderを用いて共起ネットワーク分析を行った.自由記述は,化学構造式研修会の内容で「理解できたこと」および「理解できなかったこと」に関してそれぞれ回答させた7).茶筌を用いた形態素解析により得られた抽出語(表2)についてそれぞれ共起ネットワーク分析を行い,出現回数の多い抽出語ほど大きい円で描画するバブルプロットで描画した(図2)",共起ネットワーク(バブルプロット=on),1
"また対応分析および共起ネットワークにおいても,語の最小出現回数は7回以上とした.",共起ネットワーク(語の最小出現数=7),1
"次に,学生及び現職保育者による記述の全体的傾向を把握するため「共起ネットワーク」の検討を行った。図1には,群(学生,現職保育者)を見出しとして含めた共起ネットワークを示した(表示語数59語(入力語数62語),表示共起関係90(入力共起関係119),Jaccard係数.123以上)。","共起ネットワーク(描画する共起関係の選択=Jaccard, 係数=.123)",1
共起ネットワーク図は、描写する共起関係(edge)の選択をJaccard係数とし、描写数は上位60とした。また、強い共起関係ほど濃い線で描写し、出現回数の多い語句ほど大きい円で描写するバブルプロット(バブルの大きさ70%)で描写した。,"共起ネットワーク(描画する共起関係の選択=Jaccard係数, 上位=60, 強い共起関係ほど濃い線に=on, バブルプロット=on, バブルの大きさ=70)",1
"さらに,その理由を自由記述として回答してもらい,KHCoder(http://khcoder.net/)による共起ネットワークにて可視化した。",共起ネットワーク(),1
抽出語間の関連性を探求するために、表2・表3に示した出現回数5以上の抽出語を利用した抽出語間の共起ネットワークを用いて、抽出語間の関連を分析した。,共起ネットワーク(語の最小出現数=5),1
緊急事態宣言後の影響についての自由記述について。KHCoderを用いて、多変量解析を行った。,共起ネットワーク(),1
"本研究では抽出語同士の関係を明らかにし,一定の意味・まとまりを抽出するため,頻出語(出現回数35回以上)による共起ネットワーク分析を行った。",共起ネットワーク(語の最小出現数=35),1
図1に関連職種連携実習を終えた看護学生の学びの共起ネットワーク全体を有向グラフで示す.,共起ネットワーク(),1
"図1には,群(1年生から4年生)を見出しとして含めた共起ネットワークを示した(表示語数61語(入力語数91語),表示共起関係90(入力共起関係330),Jaccard係数.20以上)。共起ネットワークでは,布置された位置よりも,線で結ばれているかどうかに意味があり,線が太いほど共起の関係は強い。","共起ネットワーク(描画する共起関係の選択=Jaccard係数, 係数=.20, 上位=90, 強い共起関係ほど濃い線に=on)",1
"共起ネットワークでは,円の大きさは単語の出現回数の多さ,線の濃さは単語同士の繋がりの強さを表している.今回は,共起係数の算出にJaccard係数を使用し,抽出語の最小出現回数を10,描画する共起関係の絞り込みを描画数60に設定している.","共起ネットワーク(語の最小出現数=10, 描画する共起関係の選択=Jaccard係数, 上位=60, 強い共起関係ほど濃い線に=on, バブルプロット=on)",1
"共起ネットワーク図の作成には,それぞれ出現回数3回以上の言葉に対してJaccard係数0.2以上とした。","共起ネットワーク(語の最小出現数=3, 描画する共起関係の選択=Jaccard係数, 係数=0.2)",1
"KHCoderを用いた計量テキスト分析(概要)(2)自由記述アンケートQ1,Q2の抽出語出現回数(上位20語抜粋)ここでは,上記抽出語を中心に共起ネットワークで分析し,さらに,KHCoderのKWICコンコーダンスのコマンドを用い,抽出語の上位が前後でつながっている教職員の記述部分を,原文をもとに抜粋した(原文の下線は上位の抽出語)。",共起ネットワーク(上位=20),1
最後に、抽出語間の共起性を分析することができる「共起ネットワーク」から分析する。その分析結果が図3である。,共起ネットワーク(),1
6はその自由記述を、テキストマイニングソフトウエアであるKHCoderで簡易的に解析して作成した共起ネットワーク(分析対象者30人)である。,共起ネットワーク(),1
フェーズと単語の共起関係を表す指標としてJaccard係数を用いた。Jaccard係数は単語の出現頻度よりも出現の有無を重視する指標であり、抄録のように1つの文書に含まれる単語数が少ない場合の分析に適している(樋口2014)。一般名詞とサ変名詞のうち全体で50回以上出現した143語を対象としてJaccard係数を計算し、上位100ペアについて図示した。計算と図の作成にはKHCoderを用いた。,"共起ネットワーク(語の最小出現数=50, 品詞による語の取捨選択=一般名詞とサ変名詞, 描画する共起関係の選択=Jaccard係数, 上位=100)",1
講演会における介護福祉士養成施設の専任教員の語りをもとに、KHcorderにより描画された共起ネットワークは以下のとおりである(図1)。なお、共起ネットワーク描画における条件は、出現回数が2回以上の語であり、それに該当する78語によって描画されている。,共起ネットワーク(語の最小出現数=2),1
介護の講演会における介護実習指導者の語りをもとに、KHcorderにより自動描画された共起ネットワークは以下のとおりである(図2)。なお、共起ネットワーク描画における条件は、出現回数が2回以上の語であり、それに該当する57語によって描画されている。,共起ネットワーク(語の最小出現数=2),1
介護の講演会における実習生の語りをもとに、KHcorderにより自動描画された共起ネットワークは以下のとおりである(図3)。共起ネットワーク描画における条件は、出現回数が2回以上の語であり、それに該当する85語によって描画されている。,共起ネットワーク(語の最小出現数=2),1
"次に,保育者による記述の全体的傾向を把握するため,出現数10以上を目安に「共起ネットワーク」の検討を行った。共起ネットワークとは,「出現パターンの似通った語,すなわち共起の程度が強い語を線で結んだもの」である(樋口,2013)。Fig.1には,保育経験年数を外部変数として含めた共起ネットワークを示した(表示語数56語,入力語数100語,表示共起関係100,入力共起関係269,Jaccard係数.169以上)。共起ネットワークでは,布置された位置よりも,線で結ばれているかどうかに意味がある。線が太いほど共起の関係は強い。また出現数の多い語ほど大きな円で示されている。","共起ネットワーク(語の最小出現数=10, 描画する共起関係の選択=Jaccard, 上位=100, 係数=.169, 強い共起関係ほど濃い線に=on, バブルプロット=on, 外部変数=保育経験年数)",1
"そこで視覚と聴覚の両者を備えた「視聴覚条件」において,正答者と誤答者が記載した語彙の違いを検討するために,上位50語に関して,正答・誤答者を外部変数として共起ネットワークを作成した(図2).共起ネットワークとは,データにおいて出現パターンが似ている語(すなわち共起の程度が強い語)を線で結んだネットワークを描いた図を作成するものである.強い共起関係ほど太線で,出現数が多い語ほど大きい円で描画されている","共起ネットワーク(上位=50, 強い共起関係ほど濃い線に=on, バブルプロット=on, 外部変数=正答・誤答者)",1
"自由記述の計量テキスト分析には,KHCoderversion3.Alpha.17eを用いて,抽出された語の頻出語と共起ネットワークの分析を行った9,10)。",共起ネットワーク(),1
自由記述の形態素解析から抽出された22518語のうち、15回以上の出現が見られた53種類の語について、セッション回を外部変数としてJaccard係数を利用した共起ネットワークを描画した(Figure1)。,"共起ネットワーク(語の最小出現数=15, 描画する共起関係の選択=Jaccard係数, 外部変数=セッション回)",1
"共起ネットワークでは円の大きさは抽出語の出現回数を示している.線の濃さは抽出語間の関係の強さを示し,濃いほど語句が共通に出現していることを示している.さらに,語句を結ぶ線の近くに表示している数値は共起関係の強さを示すJaccard係数であり,数値が高いほど関係が強い.今回は,一般的にはJaccard係数が0.2以上で強い関連があるとされるが,未来像策定手法を実施し未来像描写を行っているグループは対象人数が少ないことから通常よりも共起関係の値が高めに出るため,Jaccard係数を0.35以上に絞って表示している.","共起ネットワーク(描画する共起関係の選択=Jaccard係数, 係数=0.35, 強い共起関係ほど濃い線に=on, バブルプロット=on)",1
"この「時間」がどのような文脈で用いられたのかを明らかにするため,参加者の共起ネットワークを作成した.共起ネットワークを作成する際には,未来像策定手法を実施したグループは対象人数が少ないため,Jaccard係数を0.30以上に絞って表示した.(図8)","共起ネットワーク(描画する共起関係の選択=Jaccard係数, 係数=0.30)",1
テキストマイニング分析には樋口(2020)を参考にKHCoder(Ver.3.Beta.02f)を使用し、抽出語の共起ネットワーク分析を行った。,共起ネットワーク(),1
記載内容の関連を視覚的に捉えやすいよう、頻出語上位50語で共起ネットワークを作成し分析を行った。本研究ではJaccard係数0.1以上の共起ネットワークを作成した。,"共起ネットワーク(描画する共起関係の選択=Jaccard, 係数=0.1, 上位=50)",1
"なお,共起ネットワークを作成する際には,①タイトルにおいて3回以上用いられていた語で,②Jaccard係数の値が0.15以上の語同士の関係を抽出した。","共起ネットワーク(語の最小出現数=3, 描画する共起関係の選択=Jaccard係数, 係数=0.15)",1
"教師の医療的ケア実施の有無を外部変数とし,描画する共起関係上位50に設定して共起ネットワーク分析を行った(図1)ところ,表示語数は31であった.","共起ネットワーク(上位=50, 外部変数=教師の医療的ケア実施の有無)",1
"2名以上で出現した名詞(「ゼミ」「学生」「授業」「活動」「重要」「必要」を除く)と形容動詞を用いて共起ネットワーク分析を行った.本分析は,出現パターンの似た語同士を線で結び,共起関係の程度を可視化する方法である.図1には,比較的強い共起関係を自動検出し,グループを色分けによって示すサブグラフ検出の結果を示した.","共起ネットワーク(品詞による語の取捨選択=名詞(「ゼミ」「学生」「授業」「活動」「重要」「必要」を除く)・形容動詞, 共起関係の検出方法=サブグラフ検出)",1
"KHCoderによって抽出された17の支援課題を,共起ネットワーク分析によって課題間の関係性(出現パターンの似通った課題)を線で結んだネットワーク図にした(図3).各支援課題を形成するキーワードとその文中での記述例は表4にまとめた.描画する共起関係の絞り込みは上位40に設定し,強い共起関係ほど濃い線になる.","共起ネットワーク(上位=40, 強い共起関係ほど濃い線に=on)",1
"図5は,箇条書き(a)のSOMのクラスター①を構成する箇条書き群が示す共起ネットワークである.",共起ネットワーク(),1
表4に頻出語を、図4に共起ネットワークを示す。,共起ネットワーク(),1
次に、抽出語と抽出語が共に出現する関係性を視覚化する、共起ネットワークを作成した(図11)。,共起ネットワーク(),1
次に、共起ネットワークを作成した(図12)。,共起ネットワーク(),1
"共起ネットワークを図1に示す.本研究では,Jaccard係数が0.18以上になったものを図示することとした.ここでは,共起関係にある語が58語描出された.","共起ネットワーク(描画する共起関係の選択=Jaccard係数, 係数=0.18)",1
この、「あなたが成長を実感するのは、どんなときですか?」と尋ねた自由記述項目について、KHCoderの共起ネットワーク図を作成した。共起ネットワークは、分析対象とするテキスト内でどの語が多く出現していたか、またどの語とどの語がデータ中で結びついていたのかを表現する方法である。出現頻度が高い語ほど、大きな円で素描され、語と語は共起関係にもとづいて線で結ばれるが、語と語の配置の距離は、関連の強さを意味しない。図1は、自由記述で用いられた上位60までの語を用いて描かれ、語の媒介中心性が高いほど、円の色が濃くなっている。媒介中心性は、さまざまなネットワークにおいて他の語どうしの間にあって、それらをつなぐ働きをする語を見出そうとする中心性指標である。,"共起ネットワーク(上位=60, バブルプロット=on, 共起関係の種類=語-語)",1
"第1時の全体交流の発話記録,第2時での事例6の問題を解決するまでの全体交流での発話記録の様相を,KHcoderを用いて図2の共起ネットワークを作成し,その概観を把握した.",共起ネットワーク(),1
分析するにあたり、名詞、サ変名詞、形容動詞、動詞、形容詞、名詞B、名詞Cを抽出した。頻出後を確認し、共起ネットワーク分析を行った。共起ネットワーク分析をするにあたっては、最小出現数を3に設定し、描画数を60とした。最小スパニング・ツリーだけを描画するようにし、強い共起関係ほど濃い線で示した。,"共起ネットワーク(語の最小出現数=3, 上位=60, 品詞による語の取捨選択=名詞、サ変名詞、形容動詞、動詞、形容詞、名詞B、名詞C, 強い共起関係ほど濃い線に=on, 最小スパニングツリーだけを描画=on)",1
次に、課題②の自由記述の原文について計量テキスト分析で解析した。表2に頻出語を、図5に共起ネットワークを示す。,共起ネットワーク(),1
それでは、2020年3月から9月までのそれぞれの月で、どのような共起が見られたのだろうか。以下では、各発行月の共起ネットワークを図示する。,共起ネットワーク(),1
"自由記述は,計量的に分析するテキストマイニングの手法を用いて共起ネットワーク図を描画し,その図の解釈を行った。描画する共起関係の絞り込みはJaccard係数0.2以上に設定した。","共起ネットワーク(描画する共起関係の選択=Jaccard係数, 係数=0.2)",1
"本稿で活用した共起ネットワーク分析とは,調査結果をテキスト化したデータから抽出された語と語の関係性を示すことによりネットワークを可視化したものである(吉見・樋口,2011)。共起関係を示す指標として共起ネットワーク分析ではJaccard係数を使用している。",共起ネットワーク(描画する共起関係の選択=Jaccard係数),1
また、さらに、上位60位までのキーワードを対象に共起分析を行い、共起ネットワークを作成した。共起ネットワークの形成にはKHCoderを用いた。[樋口2021],共起ネットワーク(上位=60),1
"面接調査で得られたデータを基に,計量分析ソフトKHCoderを用いて共起ネットワークを作成した(図3).",共起ネットワーク(),1
"次に,抽出された語の出現パターンから傾向を捉えるため,共起ネットワーク分析を行った。結果を図2に示す。図2では出現頻度が高い語は丸が大きく描画され,共起の程度が強い語,すなわち出現パターンが似通っている語同士が線で結ばれている。また,共起の程度が強いと,より太い線で描画されている。","共起ネットワーク(強い共起関係ほど濃い線に=on, バブルプロット=on, 共起関係の種類=語-語)",1
図-1は共起ネットワークを表す。出現数による単語の取捨選択では最小出現数85に設定し、描画する共起関係の絞り込みでは描画数を60に設定した。,"共起ネットワーク(語の最小出現数=85, 上位=60)",1
"抽出された語がどの語と共に使用されているか(共起しているか)を見るために,KHCoderver.3で共起ネットワークを作成した。最小出現数20,最小文書数10,描画数60とし,また,煩雑さを避けるために,最小スパニング・ツリーだけを描画した。","共起ネットワーク(語の最小出現数=20, 最小文書数=10, 上位=60, 最小スパニングツリーだけを描画=on)",1
共起ネットワーク分析では、最小出現数を5に設定し、描画する共起関係の絞り込みにおいては描画数を60に設定した。,"共起ネットワーク(語の最小出現数=5, 上位=60)",1
"口コミのテキストの語と語の関係を分析するにあたって,3種類のブションの口コミによるサブグラフ検出(モジュラリティ)を用いた「共起ネットワーク」を作成した(図6)7)。","共起ネットワーク(共起関係の検出方法=サブグラフ検出（モジュラリティ）, 共起関係の種類=語-語)",1
"抽出語同士の同時出現度を表した共起ネットワークを図5に示す。色の濃淡はネットワーク分析での中心性の高低を示し(濃いと高く,薄いと低い),円同士をつなぐ線の濃さは共起関係の強さを示す。また,円の大きさは語の出現回数の多さを示す注7)。","共起ネットワーク(強い共起関係ほど濃い線に=on, バブルプロット=on)",1
アダプテーション・ゲーム導入前の記述内容から作成した共起ネットワークを図1に示す.,共起ネットワーク(),1
次に、抽出された語に関する共起ネットワーク分析を行った。頻出語と同様に動詞は除外し、語の最小出現数24、最小文書数1に設定した。この結果、対象となった語の数は59である。,"共起ネットワーク(語の最小出現数=24, 最小文書数=1,  品詞による語の取捨選択=動詞は除外)",1
"この記述をKHcoder3による計量テキスト分析を行い,共起ネットワーク図で客観的に抽出し,関係の強い語同士の関連(線が太い)をみた(図1)。",共起ネットワーク(強い共起関係ほど濃い線に=on),1
また、抽出された頻出語の結びつきを可視化するために、KHcoderを用いた共起ネットワーク分析を行なった。この分析では、単語の出現パターンの類似した語(共起関係が強い語)ほど太い線で、頻出回数の多い語ほど大きな円で描かれる。,"共起ネットワーク(強い共起関係ほど濃い線に=on, バブルプロット=on)",1
次に、出現した単語同士の共起関係をネットワーク図に示した。,共起ネットワーク(),1
次に、記述内容全体をKHCoder17でテキストマイニングし、抽出語の共起ネットワーク図を作成して学習者の振り返り内容の全体的な傾向を調べた。,共起ネットワーク(),1
"「自分」「思う」は文書の文頭・文末表現であるためにこれらを除外し,最大出現数:200,Jaccard係数:.20以上の範囲にある抽出語を対象に共起関係を可視化した。","共起ネットワーク(語の最大出現数=200, 描画する共起関係の選択=Jaccard係数, 係数=.20)",1
外部変数を質問1および質問2のEAP受講を通した効果・困難などに設定し、KHCoderにより出力した結果が図1である。,共起ネットワーク(外部変数=質問１および質問２のEAP受講を通した効果・困難など),1
"図2は,比較的強く互いに結びついているアイテム同志をグループ化するmodularity[15]のサブグラフ検出を適用し,Jaccard係数が0.2以上の共起ネットワークを示したものである(円の大きさは各リスク要因の発生件数を反映).","共起ネットワーク(描画する共起関係の選択=Jaccard係数, 係数=0.2, 共起関係の検出方法= modularity[15]のサブグラフ検出, バブルプロット=on)",1
"日本語,英語それぞれのテキストデータのうち,形態素解析に使用した名詞,形容詞・形容動詞,動詞の100語の共起関係を把握するため,ネットワーク図を作成した(図2,図3)。共起ネットワークとは,出現パターンの似通った語,共起の程度が強い語同士を線で結ぶ描画である。図中のノード(円)の大きさは語の出現頻度の大小を表す。なお,本分析にあたっては,Cosine類似度5)の上位60を描画し,強い共起関係ほど濃い線,標準化された係数が表示されるよう設定を行った。","共起ネットワーク(品詞による語の取捨選択=名詞，形容詞・形容動詞，動詞, 描画する共起関係の選択=Cosine 類似度, 上位=60, 強い共起関係ほど濃い線に=on, バブルプロット=on, 係数=on, 係数を標準化する=on)",1
"議事録の意見交換及びグループワーク発表(以下,グループワーク等)の文字データをKHCoderに読み込ませ,出現した語を抽出し,語と語の関係について共起ネットワーク7)を作成し,抽出語と開催年度,抽出語と開催地域の対応分析8)による解析を行った。共起(語と語が共に出現する)の程度はコサイン係数9)で測定した。","共起ネットワーク(描画する共起関係の選択=コサイン係数, 共起関係の種類=語-語)",1
続いて、オンライン授業と対面授業のそれぞれで共起ネットワークを作成した。(図6、7)。作成する共起関係の絞り込みでは、描画数を20と設定した。,共起ネットワーク(上位=20),1
次に自由回答欄の頻出語同士(最小頻出語は3回)の語句のつながりを確認するため、共起ネットワーク分析を行った(図ー7)。,共起ネットワーク(語の最小出現数=3),1
"語の抽出の結果,抽出された頻出の高い順から20位までの語とその出現回数は,「企業(86)」,「学校(58)」,「開拓(54)」,「情報(46)」,「雇用(45)」,「障害(39)」,「ハローワーク(35)」,「生徒(31)」,「支援(30)」,「機関(25)」,「職場(24)」,「連携(24)」,「進路(20)」,「思う(19)」,「関係(17)」,「担当(17)」,「行う(16)」,「実習(16)」,「地域(16)」,「必要(16)」であった。これらの語の共起ネットワークを作成した(Fig.1)",共起ネットワーク(上位=20),1
記載内容の関連を視覚的に捉えやすいよう、出現語上位50位以上の語による共起ネットワークを作成し分析を行った。語と語のつながりの強さを表すJaccard係数は、出現語50位以上の語を選択した場合に自動で選択されるように設定した。,"共起ネットワーク(上位=50, 描画する共起関係の選択=Jaccard係数)",1
学部の「心理的アセスメント」で各心理検査がどのように取り扱われているのか、その特徴を明らかにするために、シラバスの記載内容から、25回以上出現した語のうち上位60以上の語および心理検査名を選択し、分析を行った。,"共起ネットワーク(語の最小出現数=25, 上位=60)",1
本研究では、まず形態素解析により抽出された語の出現頻度を反復群・非反復群ごとに確認した。次に、各群を外部変数とした共起ネットワークおよびそれぞれの群の共起ネットワークを用いて、抽出語の関連性を確認した。,共起ネットワーク(外部変数=各群),1
"自由記述の内容は,テキストマイニングのフリーソフト,KHCorder317)を使用して,学生の回答した文字データを計量的に行った.また,解釈は,頻出語上位(15位)の語を主なサンプルとして抽出し,共起ネットワーク図に描写された語同士のつながりと照合しながら質的な観点から行った.共起ネットワーク図は,抽出語を用いて出現パターンの類似した語同士が線で結ばれる.円の大きさは出現回数を,リンク(線)の太さと数値(jacquard係数)は,語と語の関連の強さをそれぞれが表す.","共起ネットワーク(描画する共起関係の選択=jaccard係数, 強い共起関係ほど濃い線に=on, バブルプロット=on, 共起関係の種類=語-語)",1
"その後,抽出語と外部変数の共起ネットワーク図の描画を行った。15回以上出現した150語の品詞を用いた結果,Figureに示す共起ネットワーク図が描かれた",共起ネットワーク(語の最小出現数=15),1
"PS2では,GTAの分析に使用したナラティブ・データに対して,KHCoderによる分析も行なった。",共起ネットワーク(),1
余暇外出に関する具体的な「語り」の例を、表6に示す。これらの「語り」の中から名詞・動詞・形容詞を抽出し、計量テキスト分析ソフトウエア(KHCoder3)を用いて、頻出語をカウントした。出現回数が10以上の語彙をリストアップしたものが、表7である。上位には、「散歩」「ウォーキング」「歩く」といった歩行行為のほか、「買い物」「スーパー」といった購買行為(ここでは回答者は余暇として捉えている)に関連する語彙が多く見られる。「近く」も頻繁に出現しており、必需的な外出に付随して手軽な余暇外出が行なわれている様子が伺える。次に、それら頻出語に関する共起ネットワークを描画したものが、図1である。,"共起ネットワーク(語の最小出現数=10, 品詞による語の取捨選択=名詞・動詞・形容詞)",1
まず、分析対象の使用語彙を俯瞰するため、出現頻度の高い60語を抽出し、ネットワーク分析による共起関係を整理した(図1)。,共起ネットワーク(上位=60),1
次に、出現頻度の高い100語を抽出し、企業別に抽出語の共起関係を整理した(図2)。,共起ネットワーク(上位=100),1
共起ネットワークを用いて図式化して分析を行った.,共起ネットワーク(),1
使用方法の詳細は、樋口の著書(樋口、2020)によるが、「前処理」を行い、単語を抽出し、共起ネットワークを分析した。,共起ネットワーク(),1
これらの言葉のつながりを分析するため、自由記述の共起ネットワークを調べた。,共起ネットワーク(),1
共起ネットワーク分析によって、用語間の関連性を図示すことによって、回答者の意図をより的確に把握することを目指す。図1は、この頻出ワードの共起ネットワークを示したものである。,共起ネットワーク(),1
"作成した共起ネットワーク図をFig.12に示す。共起ネットワークとは,語と語のつながり(共起性・関連性)を視覚化した分析手法である。円の大きさは頻度,線の太さは共起性の強さを表す。","共起ネットワーク(強い共起関係ほど濃い線に=on, バブルプロット=on, 共起関係の種類=語-語)",1
図1は、抽出された語のうち3回以上出現する語について、Jaccard係数を用いて共起ネットワークを作成したものである。,"共起ネットワーク(語の最小出現数=3, 描画する共起関係の選択=Jaccard係数)",1
"次に学生の満足度と反応を,満足度アンケートの自由記述で得られた回答を用いKHCoder11)による共起ネットワークから検討した。なお,共起ネットワーク分析にあたっては,最小出現数を3とし,Jaccard係数を用いて描画数を60とした。","共起ネットワーク(語の最小出現数=3, 描画する共起関係の選択=Jaccard, 上位=60)",1
共起ネットワークは、一つ一つの文書で出現する単語(抽出語と呼ぶ)のそれぞれについて、距離(Edge)を計算し、図示することで得られる。このようにして算出された日本国憲法及び各改憲案のテキストに登場する各単語Jaccard係数上位60を取り出しマッピングしたものが[図1][図2][図3][図4]になる。記載してある数値がJaccard係数を示す。,"共起ネットワーク(上位=60, 描画する共起関係の選択=Jaccard係数, 係数を表示=on)",1
共起ネットワークの分析結果では、KHCoderでは7つのグループを提示している(図1)。最小スパンニング・ツリーのみ描画。共起関係上位60語、Jaccard係数による。,"共起ネットワーク(上位=60, 描画する共起関係の選択=Jaccard係数, 最小スパニングツリーだけを描画=on)",1
"調査後,教員の言葉を文章化し,KHCoderを用いて共起ネットワークを作成した(樋口2014,2017).共起ネットワーク作成の際,Jaccard係数が0.2以上の用語で作成した.また,強い共起ほど線で,弱い共起ほど点線で表され,語句の出現回数が多いほど大きな縁で描画されるように設定した.","共起ネットワーク(描画する共起関係の選択=Jaccard係数, 係数=0.2, 強い共起関係ほど濃い線に=on, バブルプロット=on)",1
まず、本公演の感想を尋ねた「5」からみていこう。これを共起ネットワーク図にすると、下の図表1のように可視化された。,共起ネットワーク(),1
"頻出頻度の高かった単語がどのような単語と結びついているかを分析するために共起ネットワークを用いて分析を試みた。共起ネットワークは,出現パターンの似通った語,すなわち共起の程度が強い語が線で結ばれ,それがクラスター(ネットワーク)として示される。",共起ネットワーク(),1
管理職の「教員研修の課題」の自由記述をKHコーダー(樋口2014)を用いて分析した結果が図2-4である,共起ネットワーク(),1
"共起ネットワークは,出現パターンの類似する単語の共起関係がみてとれる.共起ネットワークで結ばれていれば,同じツイート内で使われており,単語間の関連性が強いといえる.また,共起関係の強弱は,Jaccard係数で判断することができる.",共起ネットワーク(描画する共起関係の選択=Jaccard係数),1
"共起ネットワーク分析の際,本研究では共起の程度が強いコードを線で結ぶことで関連性を把握できる「サブグラフ検出」を用いて分析した.共起関係が大きい円ほど出現数が多いことを示す(樋口,2020).さらに,2つの集合間の類似性を表す指標のJaccard係数を用いることで,語と語の関連をかなり正確に示すことができる.Jaccard係数は「0.1以上は関連がある」,「0.2以上は強い関連がある」,「0.3以上はとても強い関連がある」と解釈でき(樋口,2020),本研究でもこれに基づいた.また小孫(2020)を参考に,集計単位は段落,Jaccard係数は0.2以上を採用した.","共起ネットワーク(集計単位=段落, 描画する共起関係の選択=Jaccard, 係数=0.2, 共起関係の検出方法=サブグラフ検出, 共起関係の種類=語-語)",1
感想は、記述した124名分(参加者の95%)の文章について、テキストマイニングソフトKHCoder(樋口2004)を用いて共起ネットワーク分析を行った。共起ネットワークとは、文章中の出現パターンの似通った単語を線で結んだ図であり、互いに比較的強く結びついている部分をグループ化するサブグラフ検出を行った。単語は5回以上出現したものを対象とし、描画する共起関係数は初期設定のままの60とした。,"共起ネットワーク(語の最小出現数=5, 上位=60, 共起関係の検出方法=サブグラフ検出)",1
本講座の教育効果を評価するために、各回の児童の感想(記述した人数分)について、テキストマイニングソフトKHCoder(樋口2004)を用いて共起ネットワーク分析を行った。共起ネットワークとは、文章中の出現パターンの似通った単語を線で結んだ図であり、互いに比較的強く結びついている部分をグループ化するサブグラフ検出を行った。単語は7回以上出現したものを対象とし、描画する共起関係数は初期設定のままの60とした。,"共起ネットワーク(語の最小出現数=7, 上位=60, 共起関係の検出方法=サブグラフ検出)",1
具体的には、自由記述の問い「どのような音楽鑑賞が望ましいか」(大学AB両方)「講義の感想」(大学Aのみ)の2問に対してLMSに書かれた内容をKHcoder3.0にかけ、共起ネットワークを用いて、学生が考えていることの共起回数及び単語の出現頻度をまとめた。分析対象の品詞は、「名詞」「サ変名詞」「形容動詞」「副詞可能」「動詞」「形容詞」「副詞」「名詞C(1文字のもの)」の8種類とした。出現回数は10回以上とし、描画数は60とした。,"共起ネットワーク(語の最小出現数=10, 上位=60, 品詞による語の取捨選択=「名詞」「サ変名詞」「形容動詞」「副詞可能」「動詞」「形容詞」「副詞」「名詞C(1文字のもの)」)",1
【図5】9はKHCoderの「共起ネットワーク」の設定画面にて以下の設定のもとで作成された図である。共起関係の種類:語と語品詞による語の取捨選択:名詞、サ変名詞、形容動詞、形容詞10最小出現数:4最小文書数:1,"共起ネットワーク(語の最小出現数=4, 最小文書数=1, 品詞による語の取捨選択=名詞、サ変名詞、形容動詞、形容詞, 共起関係の種類=語-語)",1
関連語検索でリストアップされた語に基づき、強い共起関係の上位60まで指定し、共起ネットワークを調べた結果が図1、図2である。,共起ネットワーク(上位=60),1
社会活動による報酬の有無および離職意図の高低と、うれしい言葉との関係について検討するために、社会活動を報酬の有無で3つに分類し、高出現頻度の単語60語、最低出現回数3回の使用頻度を対象として、対応分析を行った(図2)。,"対応分析(語の最小出現数=3, 上位=60)",2
出現回数4回以上(出現回数上位58位)の語彙を用いて作成.,"対応分析(語の最小出現数=4, 上位=58)",2
出現回数10回以上(出現回数上位72位)の語彙を用いて作成.,"対応分析(語の最小出現数=10, 上位=72)",2
次に、年度間における記事内容の傾向の違いを見るために、外部変数を記事の発行年度(2016年2020年)とした対応分析の結果が図2である。,対応分析(外部変数=記事の発行年度（2016年～2020 年）),2
そこで、外部変数として「SC を定期的に週 4 時間以上配置している中学校が 8 割未満の自治体」と「8 割 以上の自治体」、そして、行財政能力が備わっており、SC 制度に自治体独自での取り組みが見られ、SC の配置率も高い「指定都市」の三つの見出しを付けて抽出語の対応分析を行い、課題の比較を行った（図 3）。,対応分析(外部変数=「SC を定期的に週 4 時間以上配置している中学校が 8 割未満の自治体」と「8 割 以上の自治体」、そして、行財政能力が備わっており、SC 制度に自治体独自での取り組みが見られ、SC の配置率も高い「指定都市」),2
"所属課程(初等教育,中等教育,特別支援教育)によって,学生のボランティア経験にどのような違いがあるのか検討するために,抽出語と所属課程との対応分析を行った。",対応分析(外部変数=所属課程（初等教育，中等教育，特別支援教育）),2
属性と抽出語の関連性を把握するために、対応分析と共起ネットワークにより分析した。看護師の救急外来経験年数と抽出語の関連を対応分析により確認した(図1)。,対応分析(外部変数=看護師の救急外来経験年数),2
"リカバリーの段階とワーク・エンゲイジメントを外部変数として用いた対応分析の結果が図4,5である.",対応分析(外部変数=リカバリーの段階とワーク・エンゲイジメント),2
"「大津いじめ自殺」の事例に関して,KHCoderを用いてテキストデータから頻出語を特徴語として取り出し,4種の感情語との対応分析を行った。各感情語と特徴語の関係は,図6の通りである。",対応分析(外部変数=4 種の感情語),2
「岩手いじめ自殺」の事例に関してもKHCoderを用いて特徴語と4種の感情語との対応分析を行いその結果を図9に示した。,対応分析(外部変数=4 種の感情語),2
3人の教師のオンライン授業の特徴語を違う角度からを探るため、最小出現数を11、最小文書数を1、集計単位を文として対応分析を行った。,"対応分析(文書と見なす単位=文, 最小出現数=11, 最小文書数=1, 外部変数=3人の教師のオンライン授業の特徴語)",2
"また,3群の違いを可視化するため,気づきコメント(言語活動と指導内容)と習熟度をアイテムとして対応分析を行い,出力された散布図と特徴語に基づいて,履修者の学びの状況について考察を行った。",対応分析(外部変数=気づきコメント(言語活動と指導内容)と習熟度),2
"対応分析にあたってはテキストマイニングのツールである「KHCoder3」(樋口2020)を使用した.語の最小出現数を1とし,抽出される品詞を名詞に設定し分析した.","対応分析(語の最小出現数=1,  品詞による語の取捨選択=名詞)",2
"学年や年度を外部変数として,対応分析を行った(Figure4).",対応分析(外部変数=学年や年度),2
"設問2,3,4において,問題解決しやすかった理由として答えたもののうち,ネガティブな理由と考えられるものを排除し,性別と設問1での回答を変数として対応分析を行った結果を図3に示す.総抽出語数は1383,異なり語数は241であった.語の最小出現数を2として,分析を行った.","対応分析(語の最小出現数=2, 外部変数=性別と設問1での回答)",2
"KHCoder(Ver.3.0)の対応分析では,場面1と場面2において,児童のモバイル端末の所持の有無別に事前・事後メッセージの特徴を分析した.",対応分析(外部変数=自動のモバイル端末の所持の有無),2
さらに、受講学生の性別及び体力レベルと感想の関連を調べるために、対応分析を行った。自由記述データは出現頻度上位50語を用いた。,"対応分析(外部変数=受講学生の性別及び体力レベル, 上位=50)",2
親子コミュニケーションの変化に関する語りの頻出語における対応分析の結果は、図1に示すとおりである。,対応分析(外部変数=親子コミュニケーションの変化),2
"本節では,COVID-19陽性者数の推移に従って5つに分類したフェーズごとに,Web記事の内容について分析を行う。まず,基礎データをもとに,コレスポンデンス分析(対応分析)を行った(Figure4)。",対応分析(外部変数=COVID-19陽性者数の推移に従って5つに分類したフェーズ),2
"次に,修了年ごとの特徴をさらに詳しく見ていくために,対応分析を行った(図3)。",対応分析(外部変数=修了年),2
まず、対応分析では、差異が顕著な上位40語を分析対象とした(図1)。,"対応分析(上位=40, 差異が顕著な語を分析に使用=on)",2
KHCoderの対応分析を用いる事により、データ全体を分割してどの部分に特徴的な語が使用されているかを図示できる。「学年(2・3・4年)」「免許(教員・看護師)」「授業方法(online・対面)」の3項目について特徴的な語(Jaccard係数上位60語)を図示した。表示にあたって、「差異が顕著な語を分析に使用」「原点から離れた語のみラベル表示」し、共に上位60語とした。,"対応分析(外部変数=「学年(2・3・4年)」「免許(教員・看護師)」「授業方法(online・対面)」, 描画する共起関係の選択=Jaccard, 上位=60, 差異が顕著な語を分析に使用=on, 原点から離れた語のみラベル表示=on)",2
KHCoderの対応分析を用いることによって、データ全体を分割してどの部分に特徴的な語が使用されているかを図示できるため、性差(男女別)について特徴的な語(Jaccard係数上位60語)を図示した。男女における「全総抽出語数」「異なり語数」、並びに、小・中・高校期におけるダンス経験に差がみられたため、男女別に抽出語の対応分析を行い、その傾向をみた。,"対応分析(外部変数=性差(男女別), 描画する共起関係の選択=Jaccard係数, 上位=60)",2
どのような高齢者が、どのような情報を求めているか?を探るため、事前の対応行動と頻出語の対応分析を行った。頻出語は、「水害時には、どのような情報が必要だと感じましたか?」という[自由記述]のうち、5件以上であった語を示している。また、原点付近に布置される特徴のない語(上位10件)注4)は点のみで示している11)(図6)。,"対応分析(外部変数=事前の対応行動, 語の最小出現数=5, 原点から離れた語のみラベル表示=on)",2
計画段階に焦点を合わせた最後の分析として、類型化した外部変数(「A群」「B群」「C群」)と頻出品詞との関係について検討するために、図2のようにコレスポンデンス分析を行った。コレスポンデンス分析では、外部変数と各単語との関連をあらわすJaccard係数に基づいた散布図として可視化されている。,"対応分析(描画する共起関係の選択=Jaccard係数, 外部変数=「A 群」「B 群」「C 群」)",2
"図5は,研究活動を行っていく上での現状の懸念等を自由記述で尋ねた設問(調査項目4)の回答について,回答者の部局分野(赤字)と頻出語で対応分析を行った結果である.",対応分析(外部変数=回答者の部局分野),2
"次に抽出語リストの各語が使用されている文脈での意味をKHcoder3ASのKWICコンコーダンスで確認しながらコーディングルール・ファイルを作成し対応分析を実施した。対応分析に際しては,AFの調査対象者のIDを外部変数に指定し,コーディングルール・ファイルで設定した各コードとの関係を確認しようと意図した。",対応分析(外部変数=調査対象者のID),2
"次に,「理解できたこと」および「理解できなかったこと」の自由記述内容と,研修に対する自己評価による理解度(外部変数)との対応分析の結果から,理解度の差による自由記述内容の違いについて検討を行った7).",対応分析(外部変数=研修に対する自己評価による理解度),2
"KHCoderを用いた量的分析では,分析単位は,単語の最小出現数5,差異が顕著な語上位30,原点から離れた語のみラベル表示上位30,文書とみなす単位を「文」に設定した。KHCoderの対応分析の結果は,図1に示した2次元散布図のとおりである。","対応分析(文書とみなす単位=文, 語の最小出現数=5, 差異が顕著な語を分析に使用=on, 上位=30, 原点から離れた語のみラベル表示=on)",2
"さらに,対応分析をあわせて行うことによって,それぞれの出現回数が多い語がそれぞれのグループの特徴語になっているかどうかを確認する.(図3)",対応分析(外部変数=それぞれのグループ),2
"次に,対応分析によって回答の男女差を図4に示した.",対応分析(外部変数=男女),2
図3に、発行月を外部変数として設定した対応分析の結果を示す。,対応分析(外部変数=発行月),2
各絵本の絵と、印象を記述するために使用された語との関係性を探るために、対応分析を行った。その結果を図2に示す。,対応分析(外部変数=各絵本の絵),2
"KHCoderにおける対応分析は,文字データから取り出した頻出語と外部変数(開催年度,開催地域)で最初に抽出された2つの成分による同時布置を行っている。",対応分析(外部変数=開催年度、開催地域),2
"自由記述回答のうち,新しい視点が「大いにあった」と「少しあった」を選択した47人の回答に,年代と対応分析を行った(図1)。平均文字数は53.1文字,総抽出語数は1,382語で上位30語を表4に示す。","対応分析(上位=30, 外部変数=年代)",2
図2は単著/共著別と3回以上出現した語との対応分析結果である。,"対応分析(語の最小出現数=3, 外部変数=単著／共著)",2
さらにKHCoderの対応分析機能を用い、日本国憲法及び各改憲案での差異が顕著な語上位60語をマッピングするという条件対応分析を行う,"対応分析(外部変数=日本国憲法及び各改憲案, 差異が顕著な語を分析に使用=on, 上位=60)",2
ダイバーシティ記事群対高齢者記事の対応関係は図4に示すとおりである。最小出現数20、差異が顕著な語30語を使用。,"対応分析(外部変数=ダイバーシティ記事群対高齢者記事, 語の最小出現数=20, 差異が顕著な語を分析に使用=on, 上位=30)",2
"対応分析の結果を図5に示す.図中の青い丸はキーワードの位置,赤い四角は業種の位置を示し,丸や四角の大きさはキーワードの出現回数やイノベーション事例数を表している.結果を見やすくするために,原点付近を拡大して表示している.またキーワードについては,差異が顕著な60種類の位置のみを示している.","対応分析(外部変数=業種, 差異が顕著な語を分析に使用=on, 上位=60)",2
【図２】は、KH Coderの「抽出語」→「対応分析」の機能を使って作成したものであ る。抽出語の選択（上位60語）においては、「最小出現数」を「２」に設定し、対応分析 のオプションでは、「分析に使用するデータ表の種類」は「抽出語と外部変数（５年間）」、 「集計単位」は「文」という形でそれぞれ設定し、得られた結果である。,"対応分析(外部変数=5年間, 集計単位=文, 最小出現数=2, 上位=60)",2